uuid,firstName,lastName,phone,emails,,
0b86cffa-7e9d-ce5f-43df-6918c1938b67,Beatrix,McClenaghan,410-983-5922,bmcclenaghan0@walmart.com,beatrix.mcclenaghan24@icloud.com,beatrix.mcclenaghan67@outlook.com
fec5afdd-8e04-43aa-f333-fbb8073cd154,Thom,Haslegrave,152-267-2275,thaslegrave1@ow.ly,thom.haslegrave3@gmail.com,thom.haslegrave15@gmail.com
36d7aabb-fb62-e8ff-caf3-cf8113a8f4fe,Rolfe,Drance,309-619-6543,rdrance2@usgs.gov,rolfe.drance63@icloud.com,
6577839d-62f8-fcbc-89a3-eb2caac0c280,Bayard,Simms,805-100-3974,bsimms3@ehow.com,bayard.simms59@outlook.com,bayard.simms24@outlook.com
cb2bd66a-d7fd-6aa6-f7db-16b6cfa89aa2,Beniamino,Powland,534-217-4422,bpowland4@trellian.com,beniamino.powland55@outlook.com,beniamino.powland24@yahoo.com
ef7f2ffb-893d-ec02-74a9-d53bde5925c4,Pammi,Dullingham,303-271-6694,pdullingham5@fastcompany.com,pammi.dullingham14@yahoo.com,pammi.dullingham8@icloud.com
aa8d41fa-2cfc-201a-e445-a2de0f8ddedf,Tiphany,Trewin,345-136-3629,ttrewin6@skyrock.com,tiphany.trewin22@outlook.com,tiphany.trewin1@gmail.com
950034e2-b2bb-e9a4-57ab-73be7ee1ea2a,Herc,Franchi,166-729-0868,hfranchi7@bandcamp.com,herc.franchi91@yahoo.com,herc.franchi90@gmail.com
caf7eaf6-381a-d716-4dac-ce98633da2bd,Bealle,Stanford,736-970-8104,bstanford8@weebly.com,bealle.stanford89@gmail.com,bealle.stanford43@gmail.com
76fb7d7f-ac17-1efc-c345-7260ccd8a4dc,Roshelle,Hadfield,422-215-4543,rhadfield9@auda.org.au,roshelle.hadfield17@outlook.com,
76458828-2d7c-8323-d23b-af698a1b8cc0,Isabella,Morican,508-453-3679,imoricana@samsung.com,isabella.morican5@gmail.com,isabella.morican11@outlook.com
3f05d3fe-e3ea-c5ac-d4a1-2069e3b6201b,Wallie,Denton,271-107-9461,wdentonb@bloglines.com,wallie.denton34@icloud.com,
d80c967c-0e2f-a0f2-69f0-afc8f68b56a1,Filmer,Pierton,855-191-7343,fpiertonc@networkadvertising.org,filmer.pierton26@yahoo.com,
89da2496-9797-5431-f812-c8e86dbce54a,Winthrop,Sibylla,312-603-5687,wsibyllad@jiathis.com,winthrop.sibylla97@icloud.com,
ffc49b83-1191-dd57-cc63-2240daf94081,Gunner,Attwill,228-726-6975,gattwille@imdb.com,gunner.attwill81@gmail.com,
5bdb2d00-12dd-683d-001b-0bd6fedbfc2e,Isabel,Moizer,774-714-6003,imoizerf@chicagotribune.com,isabel.moizer59@outlook.com,isabel.moizer79@gmail.com
fac84d72-5bbe-acb8-239b-ebb48b0c1f78,Cyrille,Nickols,988-757-5022,,,
af78b1da-7af6-2db3-8c5e-31d4e3adf9a7,Edi,Prestie,245-878-7238,eprestieh@technorati.com,edi.prestie86@yahoo.com,
8e8168b5-22cf-6bcf-4a38-80d5f7e42b39,Jerri,Guillet,438-910-0802,jguilleti@constantcontact.com,jerri.guillet31@outlook.com,
e01a7ba7-5fa3-f450-f71c-d1ba3f5af4e0,Paige,Kubek,210-503-8395,pkubekj@digg.com,paige.kubek79@yahoo.com,
22f1db93-9dd1-65dd-149d-ccdb7deec2ef,Robinson,Finding,934-839-6273,rfindingk@nbcnews.com,robinson.finding25@yahoo.com,robinson.finding97@icloud.com
268c348e-b3a1-45aa-a2b2-2be0fbf0e5a9,Loutitia,Hurrion,181-244-4530,lhurrionl@arizona.edu,loutitia.hurrion14@gmail.com,
2f933259-ff2f-558a-b8c0-36400be6bc0b,Lizette,Seabright,560-263-7682,lseabrightm@fastcompany.com,lizette.seabright76@icloud.com,lizette.seabright66@outlook.com
5bcf639c-ffca-b9e5-cfd2-ae100c7daf5c,Delmor,Roscamp,975-868-6451,droscampn@google.com,delmor.roscamp75@gmail.com,
c35a8b55-ae50-dcab-e6de-42c0fb705f0f,Lona,Albrecht,470-285-3139,lalbrechto@mysql.com,lona.albrecht14@yahoo.com,lona.albrecht16@outlook.com
6ea20bec-4b5f-7aa0-e84e-2cabc163a275,Dedra,Episcopio,973-796-8189,,,
e0888bd6-db2b-7ef7-07ed-a3db3f97fd15,Carolyn,Getcliffe,444-165-2335,cgetcliffeq@woothemes.com,carolyn.getcliffe34@outlook.com,carolyn.getcliffe85@icloud.com
7f3717e3-8ead-63fe-f060-6bef7dfeb3ee,Kile,Winkett,227-583-2385,kwinkettr@google.nl,kile.winkett51@icloud.com,
b9dec7d0-ddff-d317-e9d2-96de8a5aab08,Adan,Fritchley,976-994-7937,afritchleys@sciencedaily.com,adan.fritchley42@yahoo.com,adan.fritchley85@gmail.com
4e174aa3-cfb8-c3dc-3fab-b2aa9c4dfe35,Fannie,Haensel,990-895-9443,fhaenselt@ucla.edu,fannie.haensel42@gmail.com,fannie.haensel96@yahoo.com
eeb2aaa1-fbd6-fc9c-a4ad-ccdd236f1930,Fairleigh,O'Currine,864-843-0533,focurrineu@cnet.com,fairleigh.o'currine89@gmail.com,
14859a77-639d-9b0e-fffa-ecc1e9ffec74,Randy,D'Adamo,556-475-1666,rdadamov@nhs.uk,randy.d'adamo62@icloud.com,
a4139f34-eda3-5d7a-ccf0-ce9ff34f6b00,Kara,O'Crevan,422-181-6105,kocrevanw@rediff.com,kara.o'crevan65@outlook.com,
982afbfa-6e4e-a35f-2bfc-47231a7d0bfd,Jack,Coggles,566-148-2860,jcogglesx@twitter.com,jack.coggles9@yahoo.com,
42ed3a5f-a20e-d9db-592c-74fa0e3b6745,Rebekkah,Kohneke,202-738-4224,rkohnekey@reuters.com,rebekkah.kohneke99@yahoo.com,
ffd15803-a0c5-fe96-0dd1-cb0f50b1020b,Chevalier,Schonfelder,300-867-4373,cschonfelderz@ftc.gov,chevalier.schonfelder97@icloud.com,chevalier.schonfelder69@outlook.com
c6769b6e-8ccb-c0c8-a49d-3f1eecd8f5dc,Marie,Sickling,239-841-7932,msickling10@usgs.gov,marie.sickling88@gmail.com,marie.sickling88@outlook.com
f19e6202-577c-d31a-a09a-0e930744a80e,Rozalie,Dyshart,322-573-5284,rdyshart11@vkontakte.ru,rozalie.dyshart26@icloud.com,
e7337b5f-3a0b-38a0-e0af-aeb97fb9ea21,Celestine,Simnell,422-943-3273,csimnell12@mit.edu,celestine.simnell20@yahoo.com,celestine.simnell13@outlook.com
9faf4eaa-68e7-2bf6-c0e9-396f5cce5f72,Yehudit,Swadlinge,707-121-2966,yswadlinge13@dagondesign.com,yehudit.swadlinge94@yahoo.com,yehudit.swadlinge43@icloud.com
def8acaa-ea18-4819-aef2-c33a8eebc1c2,Jenine,Ferrey,514-582-6927,jferrey14@ycombinator.com,jenine.ferrey48@gmail.com,jenine.ferrey16@icloud.com
152abead-107f-2fc6-12b8-a2e5333c92ee,Arlin,McDonell,903-413-2162,amcdonell15@surveymonkey.com,arlin.mcdonell66@gmail.com,arlin.mcdonell86@gmail.com
d37abe7c-e4b5-dcc6-bcd7-e27d0f8ffded,Gale,Gooddie,956-219-3990,ggooddie16@gov.uk,gale.gooddie29@yahoo.com,gale.gooddie37@yahoo.com
28f342eb-6b9d-c41e-ecb1-d3e605baa856,Jules,Burles,448-988-5514,jburles17@github.io,jules.burles92@outlook.com,jules.burles47@yahoo.com
dec7454e-aac0-6e2d-5207-4377c4f4e5dd,Cathlene,Haighton,956-961-0112,chaighton18@zdnet.com,cathlene.haighton45@gmail.com,cathlene.haighton10@icloud.com
4d2b84be-d7f3-152a-dac5-e52ffacd7dbd,Christopher,Speak,643-230-3387,cspeak19@facebook.com,christopher.speak79@yahoo.com,
d4c116d1-edf3-5eab-5d42-f8cc3e4352bd,Isacco,Perren,206-555-8883,iperren1a@nydailynews.com,isacco.perren54@icloud.com,isacco.perren22@yahoo.com
92621098-b4b6-aa0b-b927-fa5b613c09ae,Debra,Mazzia,249-217-6125,dmazzia1b@cafepress.com,debra.mazzia86@yahoo.com,debra.mazzia67@outlook.com
a472a250-4bcd-6d2c-3e90-aa784aeda15f,Lombard,Stonman,558-664-8175,,,
95ed1ab1-765f-0b3e-2bab-55e4fb1fafbf,Dale,Tureville,653-629-4464,dtureville1d@howstuffworks.com,dale.tureville91@outlook.com,
99f7c817-0ae8-4a1b-d444-ee2afb963f1b,Stacey,Castell,955-596-7125,scastell1e@seattletimes.com,stacey.castell31@gmail.com,
091dd97f-a7d7-ca4d-dd3b-612ddc3d15e0,Arty,Magnay,940-680-2722,amagnay1f@vimeo.com,arty.magnay16@icloud.com,
ee89b100-ffba-6c0b-9672-ca2e43e9995c,Marie-jeanne,Dacey,292-370-5650,mdacey1g@histats.com,marie-jeanne.dacey68@gmail.com,
c31df8b0-bd59-6c93-86d6-e32657af81f5,Ali,Vondrak,182-184-7236,avondrak1h@auda.org.au,ali.vondrak78@yahoo.com,ali.vondrak10@icloud.com
6e5acc1b-c106-492c-5d09-0aae876a9e93,Obadias,Rheubottom,886-480-3670,orheubottom1i@blogger.com,obadias.rheubottom36@yahoo.com,
d0cde2c1-8657-27ed-7f96-8dfe6dd7cf9e,Vinnie,Broxap,609-240-9281,vbroxap1j@usda.gov,vinnie.broxap60@icloud.com,vinnie.broxap42@yahoo.com
a67dee2a-ef4d-02a7-bdc7-cb0cdc11f096,Kerianne,Brailey,183-598-5617,kbrailey1k@phoca.cz,kerianne.brailey4@outlook.com,kerianne.brailey59@gmail.com
0f8d157e-5f99-c414-ecca-86e73cd81c4b,Gill,Ortet,811-440-0766,gortet1l@un.org,gill.ortet9@outlook.com,
f3bba6d5-d66b-914d-df79-d23cae9baa56,Torrey,Flockhart,442-251-3552,tflockhart1m@topsy.com,torrey.flockhart2@icloud.com,torrey.flockhart38@icloud.com
76eef3ed-c5aa-bba5-aa95-a1a786dc0eed,Reynolds,Emblow,588-787-8960,remblow1n@is.gd,reynolds.emblow49@icloud.com,reynolds.emblow13@yahoo.com
d5d43afe-3822-2c1c-11f8-2a666aa92d89,Bill,Camilletti,913-519-2525,bcamilletti1o@youtu.be,bill.camilletti2@gmail.com,bill.camilletti95@outlook.com
eb5b9b5e-c9cc-a61b-f04b-ee8b444735c2,Leonie,Konig,327-784-4838,lkonig1p@pcworld.com,leonie.konig20@outlook.com,leonie.konig65@yahoo.com
0b0a7377-8bdc-2beb-3f26-ad26abfba83b,Tabby,MacPherson,608-523-1847,tmacpherson1q@reference.com,tabby.macpherson65@gmail.com,tabby.macpherson67@yahoo.com
861b5ba9-4c73-ad7d-47d8-3a3eb4b9bded,Sasha,Vautin,389-257-3225,svautin1r@purevolume.com,sasha.vautin3@gmail.com,
cbaa82a4-eb88-97c3-20a4-0e2ac460704e,Lurlene,Brayshaw,266-608-3762,lbrayshaw1s@amazon.com,lurlene.brayshaw43@outlook.com,
fda8eb57-63c9-c798-c64e-bafe31c7a557,Hamlin,Avent,146-102-6144,,,
31ecdad7-0574-2f66-4d3e-d6fb52762eda,Tait,Hatherleigh,987-573-4272,thatherleigh1u@japanpost.jp,tait.hatherleigh94@icloud.com,
fbb67de6-6065-34af-fba8-5ecccafa4c69,Terence,Myrkus,877-166-9895,tmyrkus1v@globo.com,terence.myrkus21@yahoo.com,
9f1203ba-88a3-9d96-0c2c-57bce8e43b28,Dannye,Davidovitz,400-726-7577,ddavidovitz1w@indiatimes.com,dannye.davidovitz89@gmail.com,dannye.davidovitz93@icloud.com
c7032fda-a2b1-9fbc-797e-a03fdd4d06c1,Stanfield,Elen,275-915-3700,selen1x@booking.com,stanfield.elen43@gmail.com,
02d27616-d0e1-1cf0-9cb9-b693b333ffae,Stephi,Whardley,157-412-3393,swhardley1y@google.com.au,stephi.whardley62@yahoo.com,
c7bdfad7-3a9f-df87-1aad-0ccfb5db6e5c,Melodie,Nelius,184-494-3791,mnelius1z@usnews.com,melodie.nelius24@outlook.com,melodie.nelius70@icloud.com
566dbc73-ff1d-bee6-d8ae-422ec24df80e,Minna,Rosenboim,372-336-1876,mrosenboim20@canalblog.com,minna.rosenboim4@icloud.com,
93ba276e-5bf2-c61e-ba3c-fae7633a935a,Malvin,Tupman,179-580-4870,mtupman21@cargocollective.com,malvin.tupman47@icloud.com,
cdab9500-dbd7-4e09-f1d3-fbbcb5dfceb3,Lem,Maryott,343-279-0080,lmaryott22@yellowpages.com,lem.maryott92@icloud.com,
d499ae9d-8f63-cb84-1025-aa8d4a3dd53e,Michelle,Kohrding,238-817-8250,mkohrding23@phpbb.com,michelle.kohrding6@gmail.com,michelle.kohrding19@icloud.com
dbbf4ab7-f0bc-c1ef-e8ec-ea4ce4ccadf3,Freeman,Wands,950-531-0102,fwands24@devhub.com,freeman.wands45@icloud.com,freeman.wands74@gmail.com
2d016a8a-1ec5-f36f-dcee-fdfb73e57ee3,Robbin,Hegerty,588-580-5592,rhegerty25@free.fr,robbin.hegerty63@outlook.com,
41f2d952-3bed-be45-4ea2-c5c8431231a1,Legra,Roelofsen,439-295-7276,lroelofsen26@google.cn,legra.roelofsen90@gmail.com,legra.roelofsen74@yahoo.com
caef3bcd-2470-6a44-fead-dfd60372dc4b,Craggie,Dallas,845-832-7007,cdallas27@moonfruit.com,craggie.dallas59@gmail.com,craggie.dallas99@gmail.com
b7e6bd39-829e-357a-4b19-b1bf6cb470c3,Bentlee,Cutchee,231-942-6324,bcutchee28@usatoday.com,bentlee.cutchee19@icloud.com,bentlee.cutchee3@icloud.com
66a77d27-f8bc-cf51-db46-5053677cbc48,Zared,Ashbee,763-796-7222,zashbee29@imdb.com,zared.ashbee26@yahoo.com,
a74facd2-c7b8-3ff7-3020-2ca1cda0a8d6,Donna,Haimes,411-961-4866,dhaimes2a@typepad.com,donna.haimes31@outlook.com,
18a87650-fe13-90aa-4aee-71e6485dfdaf,Annis,Claydon,942-557-3777,aclaydon2b@cocolog-nifty.com,annis.claydon90@gmail.com,annis.claydon24@yahoo.com
5d8bfaf9-53c0-3ace-9fe0-bfe4e1f23cad,Madelena,Rosiello,454-373-4882,mrosiello2c@psu.edu,madelena.rosiello44@yahoo.com,madelena.rosiello83@outlook.com
51bec4dc-3ca5-0a07-be58-7fcaef6da944,Margy,Heinlein,945-516-0348,mheinlein2d@amazon.co.uk,margy.heinlein20@gmail.com,margy.heinlein8@gmail.com
46515b51-d9c8-86a2-c16d-72574bbc590f,Danni,Ventura,417-675-2245,dventura2e@tripadvisor.com,danni.ventura9@outlook.com,danni.ventura1@gmail.com
f1d3474b-e732-a7f6-fde5-19246bf1fb0f,Joela,Goldring,952-288-5776,jgoldring2f@hao123.com,joela.goldring77@outlook.com,joela.goldring18@gmail.com
110be621-d4a9-fb33-abc2-dea5cbf7a8ac,Berti,Stenbridge,616-801-3087,bstenbridge2g@home.pl,berti.stenbridge52@yahoo.com,berti.stenbridge29@gmail.com
01fbacf4-2db1-99d6-ffc4-6fbfffc44bbf,Georgie,Gerdes,982-733-4241,ggerdes2h@scribd.com,georgie.gerdes54@gmail.com,georgie.gerdes73@outlook.com
c62fe7e8-b49e-e4be-8f8b-e14a12f4adcc,Desi,Draxford,601-399-8458,ddraxford2i@multiply.com,desi.draxford35@yahoo.com,
32cd84e2-b2bb-bf71-1a73-80fac727f110,Pip,Raraty,333-703-5408,praraty2j@desdev.cn,pip.raraty29@gmail.com,
13ed9d74-6d82-7bca-bded-2ea8dfc7c951,Ronnie,Duffan,244-121-8042,,,
bbdc4f1e-0c3f-5de7-b5df-d276ad643dca,Issie,Haucke,959-771-7323,ihaucke2l@so-net.ne.jp,issie.haucke93@outlook.com,issie.haucke4@gmail.com
874eacfa-e26f-1c8b-cd8b-2dff5de043a6,Gayelord,Stukings,659-377-3735,gstukings2m@newyorker.com,gayelord.stukings75@outlook.com,gayelord.stukings41@outlook.com
8309ac2f-8f0c-4ede-0d5b-efbc2a742bc8,Eolande,Lamping,251-269-9652,elamping2n@pen.io,eolande.lamping81@outlook.com,eolande.lamping33@yahoo.com
6d9e40a6-4102-b740-2c94-0d9a8c4f5ff6,Letta,Mylechreest,672-574-5359,lmylechreest2o@trellian.com,letta.mylechreest86@yahoo.com,
71b930e2-6b4a-e9bf-c70e-39faefecc2dc,Roxane,Tunnoch,690-504-9998,rtunnoch2p@myspace.com,roxane.tunnoch41@gmail.com,roxane.tunnoch78@gmail.com
5c60c2e3-d2f4-c00b-4b9f-cc6bd57f266f,Cyndi,Prior,182-662-0388,cprior2q@prweb.com,cyndi.prior9@outlook.com,
14daad0c-d9ff-bd4e-9360-bfa649424b9b,Hettie,Bevis,797-159-8328,hbevis2r@flickr.com,hettie.bevis98@icloud.com,hettie.bevis54@yahoo.com
